{
  "$schema": "https://developer.microsoft.com/json-schemas/fabric/item/report/definition/visualContainer/2.4.0/schema.json",
  "name": "6636bf5b8dea34575500",
  "position": {
    "x": 398.33333333333337,
    "y": 23.333333333333336,
    "z": 8000,
    "height": 118.33333333333334,
    "width": 386.66666666666669,
    "tabOrder": 8000
  },
  "visual": {
    "visualType": "textbox",
    "objects": {
      "general": [
        {
          "properties": {
            "paragraphs": [
              {
                "textRuns": [
                  {
                    "value": "Time trends",
                    "textStyle": {
                      "fontWeight": "bold",
                      "fontSize": "40pt",
                      "color": "#ebf674"
                    }
                  }
                ],
                "horizontalTextAlignment": "center"
              }
            ]
          }
        }
      ]
    },
    "visualContainerObjects": {
      "background": [
        {
          "properties": {
            "show": {
              "expr": {
                "Literal": {
                  "Value": "false"
                }
              }
            }
          }
        }
      ]
    },
    "drillFilterOtherVisuals": true
  }
}