{
  "$schema": "https://developer.microsoft.com/json-schemas/fabric/item/report/definition/page/2.0.0/schema.json",
  "name": "297d6ddc3039e3dfb42d",
  "displayName": "Skills",
  "displayOption": "FitToPage",
  "height": 720,
  "width": 1280,
  "filterConfig": {
    "filters": [
      {
        "name": "931d8882d94fb64edbbd",
        "field": {
          "Column": {
            "Expression": {
              "SourceRef": {
                "Entity": "location"
              }
            },
            "Property": "job_country"
          }
        },
        "type": "Categorical",
        "howCreated": "Drillthrough"
      }
    ]
  },
  "pageBinding": {
    "name": "0217540087c6ee41ac37",
    "type": "Drillthrough",
    "parameters": [
      {
        "name": "5ee76ef3c58f4caae49c",
        "boundFilter": "931d8882d94fb64edbbd",
        "fieldExpr": {
          "Column": {
            "Expression": {
              "SourceRef": {
                "Entity": "location"
              }
            },
            "Property": "job_country"
          }
        }
      }
    ]
  },
  "type": "Drillthrough"
}