{
  "$schema": "https://developer.microsoft.com/json-schemas/fabric/item/report/definition/visualContainer/2.4.0/schema.json",
  "name": "a32ab5a98b7b384255e1",
  "position": {
    "x": 422.03773584905656,
    "y": 0,
    "z": 7000,
    "height": 117.73584905660377,
    "width": 385.811320754717,
    "tabOrder": 7000
  },
  "visual": {
    "visualType": "textbox",
    "objects": {
      "general": [
        {
          "properties": {
            "paragraphs": [
              {
                "textRuns": [
                  {
                    "value": "Jobs overview",
                    "textStyle": {
                      "fontWeight": "bold",
                      "fontSize": "40pt",
                      "color": "#ebf674"
                    }
                  }
                ],
                "horizontalTextAlignment": "center"
              }
            ]
          }
        }
      ]
    },
    "visualContainerObjects": {
      "background": [
        {
          "properties": {
            "show": {
              "expr": {
                "Literal": {
                  "Value": "false"
                }
              }
            }
          }
        }
      ]
    },
    "drillFilterOtherVisuals": true
  }
}