{
  "$schema": "https://developer.microsoft.com/json-schemas/fabric/item/report/definition/bookmark/1.4.0/schema.json",
  "displayName": "Clear filters Lithuania",
  "name": "3d85c6641f69c4599816",
  "options": {
    "targetVisualNames": []
  },
  "explorationState": {
    "version": "1.3",
    "activeSection": "4d96a3be52a322098ecb",
    "sections": {
      "4d96a3be52a322098ecb": {
        "visualContainers": {
          "5e62646cd1d59d46a857": {
            "singleVisual": {
              "visualType": "textbox",
              "objects": {}
            }
          },
          "30d86d08dbf69ce3c5db": {
            "filters": {
              "byExpr": [
                {
                  "name": "4c3bc86196a2604845a8",
                  "type": "Advanced",
                  "expression": {
                    "Measure": {
                      "Expression": {
                        "SourceRef": {
                          "Entity": "my_measures"
                        }
                      },
                      "Property": "count_vacancy_lt"
                    }
                  },
                  "howCreated": 0
                }
              ]
            },
            "singleVisual": {
              "visualType": "card",
              "objects": {}
            }
          },
          "a6d154e8da2791c888b4": {
            "filters": {
              "byExpr": [
                {
                  "name": "4982e8721ff6b3c9e36c",
                  "type": "Categorical",
                  "filter": {
                    "Version": 2,
                    "From": [
                      {
                        "Name": "s",
                        "Entity": "skills",
                        "Type": 0
                      }
                    ],
                    "Where": [
                      {
                        "Condition": {
                          "Not": {
                            "Expression": {
                              "In": {
                                "Expressions": [
                                  {
                                    "Column": {
                                      "Expression": {
                                        "SourceRef": {
                                          "Source": "s"
                                        }
                                      },
                                      "Property": "skill"
                                    }
                                  }
                                ],
                                "Values": [
                                  [
                                    {
                                      "Literal": {
                                        "Value": "null"
                                      }
                                    }
                                  ]
                                ]
                              }
                            }
                          }
                        }
                      }
                    ]
                  },
                  "expression": {
                    "Column": {
                      "Expression": {
                        "SourceRef": {
                          "Entity": "skills"
                        }
                      },
                      "Property": "skill"
                    }
                  },
                  "howCreated": 0
                },
                {
                  "name": "0a6893786542030108dd",
                  "type": "TopN",
                  "filter": {
                    "Version": 2,
                    "From": [
                      {
                        "Name": "subquery",
                        "Expression": {
                          "Subquery": {
                            "Query": {
                              "Version": 2,
                              "From": [
                                {
                                  "Name": "s",
                                  "Entity": "skills",
                                  "Type": 0
                                },
                                {
                                  "Name": "m",
                                  "Entity": "my_measures",
                                  "Type": 0
                                }
                              ],
                              "Select": [
                                {
                                  "Column": {
                                    "Expression": {
                                      "SourceRef": {
                                        "Source": "s"
                                      }
                                    },
                                    "Property": "skill"
                                  },
                                  "Name": "field"
                                }
                              ],
                              "OrderBy": [
                                {
                                  "Direction": 2,
                                  "Expression": {
                                    "Measure": {
                                      "Expression": {
                                        "SourceRef": {
                                          "Source": "m"
                                        }
                                      },
                                      "Property": "count_vacancy_lt"
                                    }
                                  }
                                }
                              ],
                              "Top": 10
                            }
                          }
                        },
                        "Type": 2
                      },
                      {
                        "Name": "s",
                        "Entity": "skills",
                        "Type": 0
                      }
                    ],
                    "Where": [
                      {
                        "Condition": {
                          "In": {
                            "Expressions": [
                              {
                                "Column": {
                                  "Expression": {
                                    "SourceRef": {
                                      "Source": "s"
                                    }
                                  },
                                  "Property": "skill"
                                }
                              }
                            ],
                            "Table": {
                              "SourceRef": {
                                "Source": "subquery"
                              }
                            }
                          }
                        }
                      }
                    ]
                  },
                  "expression": {
                    "Column": {
                      "Expression": {
                        "SourceRef": {
                          "Entity": "skills"
                        }
                      },
                      "Property": "skill"
                    }
                  },
                  "howCreated": 1
                },
                {
                  "name": "d2ee9ee47b0001bbd882",
                  "type": "Advanced",
                  "expression": {
                    "Measure": {
                      "Expression": {
                        "SourceRef": {
                          "Entity": "my_measures"
                        }
                      },
                      "Property": "count_vacancy_lt"
                    }
                  },
                  "howCreated": 0
                }
              ]
            },
            "singleVisual": {
              "visualType": "clusteredBarChart",
              "objects": {},
              "orderBy": [
                {
                  "Direction": 2,
                  "Expression": {
                    "Measure": {
                      "Expression": {
                        "SourceRef": {
                          "Entity": "my_measures"
                        }
                      },
                      "Property": "count_vacancy_lt"
                    }
                  }
                }
              ],
              "activeProjections": {
                "Category": [
                  {
                    "Column": {
                      "Expression": {
                        "SourceRef": {
                          "Entity": "skills"
                        }
                      },
                      "Property": "skill"
                    }
                  }
                ]
              }
            }
          },
          "16b6b6dac00178d621f6": {
            "singleVisual": {
              "visualType": "shape",
              "objects": {}
            }
          },
          "70e1223440a13facf307": {
            "singleVisual": {
              "visualType": "textbox",
              "objects": {}
            }
          },
          "c83b1c1c2480b9acbf67": {
            "filters": {
              "byExpr": [
                {
                  "name": "f22b439f02c4b740942b",
                  "type": "Advanced",
                  "expression": {
                    "Measure": {
                      "Expression": {
                        "SourceRef": {
                          "Entity": "my_measures"
                        }
                      },
                      "Property": "avg_salary_lt"
                    }
                  },
                  "howCreated": 0
                }
              ]
            },
            "singleVisual": {
              "visualType": "card",
              "objects": {}
            }
          },
          "91c406ad30076148884a": {
            "filters": {
              "byExpr": [
                {
                  "name": "2dd22e9f71bbcc762215",
                  "type": "TopN",
                  "filter": {
                    "Version": 2,
                    "From": [
                      {
                        "Name": "subquery",
                        "Expression": {
                          "Subquery": {
                            "Query": {
                              "Version": 2,
                              "From": [
                                {
                                  "Name": "c",
                                  "Entity": "companies",
                                  "Type": 0
                                },
                                {
                                  "Name": "m",
                                  "Entity": "my_measures",
                                  "Type": 0
                                }
                              ],
                              "Select": [
                                {
                                  "Column": {
                                    "Expression": {
                                      "SourceRef": {
                                        "Source": "c"
                                      }
                                    },
                                    "Property": "name"
                                  },
                                  "Name": "field"
                                }
                              ],
                              "OrderBy": [
                                {
                                  "Direction": 2,
                                  "Expression": {
                                    "Measure": {
                                      "Expression": {
                                        "SourceRef": {
                                          "Source": "m"
                                        }
                                      },
                                      "Property": "count_vacancy_lt"
                                    }
                                  }
                                }
                              ],
                              "Top": 5
                            }
                          }
                        },
                        "Type": 2
                      },
                      {
                        "Name": "c",
                        "Entity": "companies",
                        "Type": 0
                      }
                    ],
                    "Where": [
                      {
                        "Condition": {
                          "In": {
                            "Expressions": [
                              {
                                "Column": {
                                  "Expression": {
                                    "SourceRef": {
                                      "Source": "c"
                                    }
                                  },
                                  "Property": "name"
                                }
                              }
                            ],
                            "Table": {
                              "SourceRef": {
                                "Source": "subquery"
                              }
                            }
                          }
                        }
                      }
                    ]
                  },
                  "expression": {
                    "Column": {
                      "Expression": {
                        "SourceRef": {
                          "Entity": "companies"
                        }
                      },
                      "Property": "name"
                    }
                  },
                  "howCreated": 0
                },
                {
                  "name": "c31bbee63302bc95e093",
                  "type": "Advanced",
                  "expression": {
                    "Measure": {
                      "Expression": {
                        "SourceRef": {
                          "Entity": "my_measures"
                        }
                      },
                      "Property": "count_vacancy_lt"
                    }
                  },
                  "howCreated": 0
                }
              ]
            },
            "singleVisual": {
              "visualType": "columnChart",
              "objects": {},
              "orderBy": [
                {
                  "Direction": 2,
                  "Expression": {
                    "Measure": {
                      "Expression": {
                        "SourceRef": {
                          "Entity": "my_measures"
                        }
                      },
                      "Property": "count_vacancy_lt"
                    }
                  }
                }
              ],
              "activeProjections": {
                "Category": [
                  {
                    "Column": {
                      "Expression": {
                        "SourceRef": {
                          "Entity": "companies"
                        }
                      },
                      "Property": "name"
                    }
                  }
                ]
              }
            }
          },
          "bb0e0b0340bdb88962d3": {
            "filters": {
              "byExpr": [
                {
                  "name": "b79a4eb928c1be14d137",
                  "type": "Advanced",
                  "expression": {
                    "Measure": {
                      "Expression": {
                        "SourceRef": {
                          "Entity": "my_measures"
                        }
                      },
                      "Property": "count_company_lt"
                    }
                  },
                  "howCreated": 0
                }
              ]
            },
            "singleVisual": {
              "visualType": "card",
              "objects": {}
            }
          },
          "3d1c98214e9960856799": {
            "filters": {
              "byExpr": [
                {
                  "name": "499a93ace85db70361a5",
                  "type": "Advanced",
                  "expression": {
                    "Measure": {
                      "Expression": {
                        "SourceRef": {
                          "Entity": "my_measures"
                        }
                      },
                      "Property": "market_share"
                    }
                  },
                  "howCreated": 0
                }
              ]
            },
            "singleVisual": {
              "visualType": "card",
              "objects": {}
            }
          },
          "f5a977330daaaaa2650d": {
            "filters": {
              "byExpr": [
                {
                  "name": "cd7e1c9f22c396c7484b",
                  "type": "Advanced",
                  "expression": {
                    "Measure": {
                      "Expression": {
                        "SourceRef": {
                          "Entity": "my_measures"
                        }
                      },
                      "Property": "market_share_baltic"
                    }
                  },
                  "howCreated": 0
                }
              ]
            },
            "singleVisual": {
              "visualType": "card",
              "objects": {}
            }
          },
          "58d5a5f94f58950af687": {
            "filters": {
              "byExpr": [
                {
                  "name": "e7977e60106043eb00dd",
                  "type": "Categorical",
                  "expression": {
                    "Column": {
                      "Expression": {
                        "SourceRef": {
                          "Entity": "calendar_table"
                        }
                      },
                      "Property": "MonthLong"
                    }
                  },
                  "howCreated": 0
                },
                {
                  "name": "e053a690ea7ea1d5a8aa",
                  "type": "Advanced",
                  "expression": {
                    "Measure": {
                      "Expression": {
                        "SourceRef": {
                          "Entity": "my_measures"
                        }
                      },
                      "Property": "monthly_trend_lt"
                    }
                  },
                  "howCreated": 0
                }
              ]
            },
            "singleVisual": {
              "visualType": "areaChart",
              "objects": {},
              "orderBy": [
                {
                  "Direction": 2,
                  "Expression": {
                    "Measure": {
                      "Expression": {
                        "SourceRef": {
                          "Entity": "my_measures"
                        }
                      },
                      "Property": "monthly_trend_lt"
                    }
                  }
                }
              ],
              "activeProjections": {
                "Category": [
                  {
                    "Column": {
                      "Expression": {
                        "SourceRef": {
                          "Entity": "calendar_table"
                        }
                      },
                      "Property": "MonthLong"
                    }
                  }
                ]
              }
            }
          },
          "84f9a57676124c4a5385": {
            "filters": {
              "byExpr": [
                {
                  "name": "143f16978d42bd9ab1a2",
                  "type": "Categorical",
                  "expression": {
                    "Column": {
                      "Expression": {
                        "SourceRef": {
                          "Entity": "job_titles"
                        }
                      },
                      "Property": "job_title_short"
                    }
                  },
                  "howCreated": 0
                }
              ]
            },
            "singleVisual": {
              "visualType": "slicer",
              "objects": {
                "merge": {
                  "data": [
                    {
                      "properties": {
                        "mode": {
                          "expr": {
                            "Literal": {
                              "Value": "'Basic'"
                            }
                          }
                        },
                        "isInvertedSelectionMode": {
                          "expr": {
                            "Literal": {
                              "Value": "true"
                            }
                          }
                        }
                      }
                    }
                  ],
                  "selection": [
                    {
                      "properties": {
                        "strictSingleSelect": {
                          "expr": {
                            "Literal": {
                              "Value": "false"
                            }
                          }
                        }
                      }
                    }
                  ]
                }
              },
              "activeProjections": {
                "Values": [
                  {
                    "Column": {
                      "Expression": {
                        "SourceRef": {
                          "Entity": "job_titles"
                        }
                      },
                      "Property": "job_title_short"
                    }
                  }
                ]
              }
            }
          },
          "4c230ecd6717555091f4": {
            "singleVisual": {
              "visualType": "pageNavigator",
              "objects": {}
            }
          }
        }
      }
    },
    "objects": {
      "merge": {
        "outspacePane": [
          {
            "properties": {
              "expanded": {
                "expr": {
                  "Literal": {
                    "Value": "false"
                  }
                }
              }
            }
          }
        ]
      }
    }
  }
}