{
  "$schema": "https://developer.microsoft.com/json-schemas/fabric/item/report/definition/bookmark/1.4.0/schema.json",
  "displayName": "Data Analyst LT python Time Trend",
  "name": "4deb93743201901cec09",
  "options": {
    "targetVisualNames": []
  },
  "explorationState": {
    "version": "1.3",
    "activeSection": "4ab81227bf7eefd37398",
    "sections": {
      "4ab81227bf7eefd37398": {
        "visualContainers": {
          "0099a5caf27886faad98": {
            "singleVisual": {
              "visualType": "shape",
              "objects": {}
            }
          },
          "d4fc7ed561d5d344e9e1": {
            "singleVisual": {
              "visualType": "textbox",
              "objects": {}
            }
          },
          "632929e71c98c03af14d": {
            "singleVisual": {
              "visualType": "pageNavigator",
              "objects": {}
            }
          },
          "85111b090df55209be90": {
            "filters": {
              "byExpr": [
                {
                  "name": "1d2149499add6e816620",
                  "type": "Advanced",
                  "expression": {
                    "Measure": {
                      "Expression": {
                        "SourceRef": {
                          "Entity": "my_measures"
                        }
                      },
                      "Property": "job_posting_YTD"
                    }
                  },
                  "howCreated": 0
                },
                {
                  "name": "c504a94d7e20c2855c3c",
                  "type": "Categorical",
                  "expression": {
                    "Column": {
                      "Expression": {
                        "SourceRef": {
                          "Entity": "calendar_table"
                        }
                      },
                      "Property": "MonthLong"
                    }
                  },
                  "howCreated": 0
                }
              ]
            },
            "singleVisual": {
              "visualType": "columnChart",
              "objects": {},
              "activeProjections": {
                "Category": [
                  {
                    "Column": {
                      "Expression": {
                        "SourceRef": {
                          "Entity": "calendar_table"
                        }
                      },
                      "Property": "MonthLong"
                    }
                  }
                ]
              }
            }
          },
          "b99036ebabb96ca66957": {
            "filters": {
              "byExpr": [
                {
                  "name": "7044c9ba015eee90c6be",
                  "type": "Categorical",
                  "expression": {
                    "Column": {
                      "Expression": {
                        "SourceRef": {
                          "Entity": "calendar_table"
                        }
                      },
                      "Property": "MonthLong"
                    }
                  },
                  "howCreated": 0
                },
                {
                  "name": "cabdfd507711c92d8bda",
                  "type": "Advanced",
                  "expression": {
                    "Measure": {
                      "Expression": {
                        "SourceRef": {
                          "Entity": "my_measures"
                        }
                      },
                      "Property": "count_vacancy"
                    }
                  },
                  "howCreated": 0
                },
                {
                  "name": "c2daaafd275ab730e579",
                  "type": "TopN",
                  "filter": {
                    "Version": 2,
                    "From": [
                      {
                        "Name": "subquery",
                        "Expression": {
                          "Subquery": {
                            "Query": {
                              "Version": 2,
                              "From": [
                                {
                                  "Name": "s",
                                  "Entity": "skills",
                                  "Type": 0
                                },
                                {
                                  "Name": "m",
                                  "Entity": "my_measures",
                                  "Type": 0
                                }
                              ],
                              "Select": [
                                {
                                  "Column": {
                                    "Expression": {
                                      "SourceRef": {
                                        "Source": "s"
                                      }
                                    },
                                    "Property": "skill"
                                  },
                                  "Name": "field"
                                }
                              ],
                              "OrderBy": [
                                {
                                  "Direction": 2,
                                  "Expression": {
                                    "Measure": {
                                      "Expression": {
                                        "SourceRef": {
                                          "Source": "m"
                                        }
                                      },
                                      "Property": "count_vacancy"
                                    }
                                  }
                                }
                              ],
                              "Top": 1
                            }
                          }
                        },
                        "Type": 2
                      },
                      {
                        "Name": "s",
                        "Entity": "skills",
                        "Type": 0
                      }
                    ],
                    "Where": [
                      {
                        "Condition": {
                          "In": {
                            "Expressions": [
                              {
                                "Column": {
                                  "Expression": {
                                    "SourceRef": {
                                      "Source": "s"
                                    }
                                  },
                                  "Property": "skill"
                                }
                              }
                            ],
                            "Table": {
                              "SourceRef": {
                                "Source": "subquery"
                              }
                            }
                          }
                        }
                      }
                    ]
                  },
                  "expression": {
                    "Column": {
                      "Expression": {
                        "SourceRef": {
                          "Entity": "skills"
                        }
                      },
                      "Property": "skill"
                    }
                  },
                  "howCreated": 1
                }
              ]
            },
            "singleVisual": {
              "visualType": "columnChart",
              "objects": {},
              "activeProjections": {
                "Category": [
                  {
                    "Column": {
                      "Expression": {
                        "SourceRef": {
                          "Entity": "calendar_table"
                        }
                      },
                      "Property": "MonthLong"
                    }
                  }
                ]
              }
            }
          },
          "a056ff4f8ed10f353bf8": {
            "filters": {
              "byExpr": [
                {
                  "name": "9cd7c0363441b9eb0816",
                  "type": "Categorical",
                  "expression": {
                    "Column": {
                      "Expression": {
                        "SourceRef": {
                          "Entity": "skills"
                        }
                      },
                      "Property": "skill"
                    }
                  },
                  "howCreated": 0
                }
              ]
            },
            "singleVisual": {
              "visualType": "slicer",
              "objects": {
                "merge": {
                  "general": [
                    {
                      "properties": {
                        "filter": {
                          "filter": {
                            "Version": 2,
                            "From": [
                              {
                                "Name": "s",
                                "Entity": "skills",
                                "Type": 0
                              }
                            ],
                            "Where": [
                              {
                                "Condition": {
                                  "In": {
                                    "Expressions": [
                                      {
                                        "Column": {
                                          "Expression": {
                                            "SourceRef": {
                                              "Source": "s"
                                            }
                                          },
                                          "Property": "skill"
                                        }
                                      }
                                    ],
                                    "Values": [
                                      [
                                        {
                                          "Literal": {
                                            "Value": "'Python'"
                                          }
                                        }
                                      ]
                                    ]
                                  }
                                }
                              }
                            ]
                          }
                        }
                      }
                    }
                  ],
                  "data": [
                    {
                      "properties": {
                        "mode": {
                          "expr": {
                            "Literal": {
                              "Value": "'Dropdown'"
                            }
                          }
                        }
                      }
                    }
                  ],
                  "selection": [
                    {
                      "properties": {
                        "strictSingleSelect": {
                          "expr": {
                            "Literal": {
                              "Value": "false"
                            }
                          }
                        }
                      }
                    }
                  ]
                }
              },
              "activeProjections": {
                "Values": [
                  {
                    "Column": {
                      "Expression": {
                        "SourceRef": {
                          "Entity": "skills"
                        }
                      },
                      "Property": "skill"
                    }
                  }
                ]
              }
            }
          },
          "70de92b8a5b018a09ba2": {
            "filters": {
              "byExpr": [
                {
                  "name": "80e965a94e0c7dad70c7",
                  "type": "Categorical",
                  "expression": {
                    "Column": {
                      "Expression": {
                        "SourceRef": {
                          "Entity": "job_titles"
                        }
                      },
                      "Property": "job_title_short"
                    }
                  },
                  "howCreated": 0
                }
              ]
            },
            "singleVisual": {
              "visualType": "slicer",
              "objects": {
                "merge": {
                  "general": [
                    {
                      "properties": {
                        "filter": {
                          "filter": {
                            "Version": 2,
                            "From": [
                              {
                                "Name": "j",
                                "Entity": "job_titles",
                                "Type": 0
                              }
                            ],
                            "Where": [
                              {
                                "Condition": {
                                  "In": {
                                    "Expressions": [
                                      {
                                        "Column": {
                                          "Expression": {
                                            "SourceRef": {
                                              "Source": "j"
                                            }
                                          },
                                          "Property": "job_title_short"
                                        }
                                      }
                                    ],
                                    "Values": [
                                      [
                                        {
                                          "Literal": {
                                            "Value": "'Data Analyst'"
                                          }
                                        }
                                      ]
                                    ]
                                  }
                                }
                              }
                            ]
                          }
                        }
                      }
                    }
                  ],
                  "data": [
                    {
                      "properties": {
                        "mode": {
                          "expr": {
                            "Literal": {
                              "Value": "'Dropdown'"
                            }
                          }
                        }
                      }
                    }
                  ],
                  "selection": [
                    {
                      "properties": {
                        "strictSingleSelect": {
                          "expr": {
                            "Literal": {
                              "Value": "false"
                            }
                          }
                        }
                      }
                    }
                  ]
                }
              },
              "orderBy": [
                {
                  "Direction": 2,
                  "Expression": {
                    "Column": {
                      "Expression": {
                        "SourceRef": {
                          "Entity": "job_titles"
                        }
                      },
                      "Property": "job_title_short"
                    }
                  }
                }
              ],
              "activeProjections": {
                "Values": [
                  {
                    "Column": {
                      "Expression": {
                        "SourceRef": {
                          "Entity": "job_titles"
                        }
                      },
                      "Property": "job_title_short"
                    }
                  }
                ]
              }
            }
          },
          "f56592cf571a31871cd8": {
            "filters": {
              "byExpr": [
                {
                  "name": "a2bdc38d35153170b3e5",
                  "type": "Categorical",
                  "expression": {
                    "Column": {
                      "Expression": {
                        "SourceRef": {
                          "Entity": "location"
                        }
                      },
                      "Property": "job_country"
                    }
                  },
                  "howCreated": 0
                }
              ]
            },
            "singleVisual": {
              "visualType": "slicer",
              "objects": {
                "merge": {
                  "general": [
                    {
                      "properties": {
                        "filter": {
                          "filter": {
                            "Version": 2,
                            "From": [
                              {
                                "Name": "l",
                                "Entity": "location",
                                "Type": 0
                              }
                            ],
                            "Where": [
                              {
                                "Condition": {
                                  "In": {
                                    "Expressions": [
                                      {
                                        "Column": {
                                          "Expression": {
                                            "SourceRef": {
                                              "Source": "l"
                                            }
                                          },
                                          "Property": "job_country"
                                        }
                                      }
                                    ],
                                    "Values": [
                                      [
                                        {
                                          "Literal": {
                                            "Value": "'Lithuania'"
                                          }
                                        }
                                      ]
                                    ]
                                  }
                                }
                              }
                            ]
                          }
                        }
                      }
                    }
                  ],
                  "data": [
                    {
                      "properties": {
                        "mode": {
                          "expr": {
                            "Literal": {
                              "Value": "'Dropdown'"
                            }
                          }
                        }
                      }
                    }
                  ],
                  "selection": [
                    {
                      "properties": {
                        "strictSingleSelect": {
                          "expr": {
                            "Literal": {
                              "Value": "false"
                            }
                          }
                        }
                      }
                    }
                  ]
                }
              },
              "orderBy": [
                {
                  "Direction": 2,
                  "Expression": {
                    "Column": {
                      "Expression": {
                        "SourceRef": {
                          "Entity": "location"
                        }
                      },
                      "Property": "job_country"
                    }
                  }
                }
              ],
              "activeProjections": {
                "Values": [
                  {
                    "Column": {
                      "Expression": {
                        "SourceRef": {
                          "Entity": "location"
                        }
                      },
                      "Property": "job_country"
                    }
                  }
                ]
              }
            }
          }
        }
      }
    },
    "objects": {
      "merge": {
        "outspacePane": [
          {
            "properties": {
              "expanded": {
                "expr": {
                  "Literal": {
                    "Value": "false"
                  }
                }
              }
            }
          }
        ]
      }
    }
  }
}