{
  "$schema": "https://developer.microsoft.com/json-schemas/fabric/item/report/definition/bookmark/1.4.0/schema.json",
  "displayName": "Clear filters Skills",
  "name": "4ec5f11f04bc8bf5bf77",
  "options": {
    "targetVisualNames": []
  },
  "explorationState": {
    "version": "1.3",
    "activeSection": "297d6ddc3039e3dfb42d",
    "sections": {
      "297d6ddc3039e3dfb42d": {
        "filters": {
          "byExpr": [
            {
              "name": "931d8882d94fb64edbbd",
              "type": "Categorical",
              "expression": {
                "Column": {
                  "Expression": {
                    "SourceRef": {
                      "Entity": "location"
                    }
                  },
                  "Property": "job_country"
                }
              },
              "howCreated": 5
            },
            {
              "name": "e3bf56b350179225b461",
              "type": "Categorical",
              "expression": {
                "Column": {
                  "Expression": {
                    "SourceRef": {
                      "Entity": "job_titles"
                    }
                  },
                  "Property": "job_title_short"
                }
              },
              "howCreated": 5
            }
          ],
          "byTransientState": [
            {
              "name": "transientFilter",
              "type": "Passthrough",
              "filter": {
                "Version": 2,
                "From": [
                  {
                    "Name": "subquery",
                    "Expression": {
                      "Subquery": {
                        "Query": {
                          "Version": 2,
                          "From": [
                            {
                              "Name": "l",
                              "Entity": "location",
                              "Type": 0
                            },
                            {
                              "Name": "m",
                              "Entity": "my_measures",
                              "Type": 0
                            }
                          ],
                          "Select": [
                            {
                              "Column": {
                                "Expression": {
                                  "SourceRef": {
                                    "Source": "l"
                                  }
                                },
                                "Property": "job_country"
                              },
                              "Name": "field"
                            }
                          ],
                          "Where": [
                            {
                              "Condition": {
                                "Comparison": {
                                  "ComparisonKind": 0,
                                  "Left": {
                                    "Column": {
                                      "Expression": {
                                        "SourceRef": {
                                          "Source": "l"
                                        }
                                      },
                                      "Property": "job_country"
                                    }
                                  },
                                  "Right": {
                                    "AnyValue": {
                                      "DefaultValueOverridesAncestors": true
                                    }
                                  }
                                }
                              }
                            }
                          ],
                          "OrderBy": [
                            {
                              "Direction": 2,
                              "Expression": {
                                "Measure": {
                                  "Expression": {
                                    "SourceRef": {
                                      "Source": "m"
                                    }
                                  },
                                  "Property": "count_vacancy"
                                }
                              }
                            }
                          ],
                          "Top": 5
                        }
                      }
                    },
                    "Type": 2
                  },
                  {
                    "Name": "l",
                    "Entity": "location",
                    "Type": 0
                  }
                ],
                "Where": [
                  {
                    "Condition": {
                      "In": {
                        "Expressions": [
                          {
                            "Column": {
                              "Expression": {
                                "SourceRef": {
                                  "Source": "l"
                                }
                              },
                              "Property": "job_country"
                            }
                          }
                        ],
                        "Table": {
                          "SourceRef": {
                            "Source": "subquery"
                          }
                        }
                      }
                    }
                  }
                ]
              },
              "howCreated": 5,
              "isTransient": true
            }
          ]
        },
        "visualContainers": {
          "7bbfef5dbb2df560bdde": {
            "singleVisual": {
              "visualType": "shape",
              "objects": {}
            }
          },
          "b6561873f044ededaa77": {
            "singleVisual": {
              "visualType": "textbox",
              "objects": {}
            }
          },
          "747c77794f4ab69af66f": {
            "singleVisual": {
              "visualType": "pageNavigator",
              "objects": {}
            }
          },
          "aec9fe23613cf3ba7455": {
            "filters": {
              "byExpr": [
                {
                  "name": "3b2a4cb801eadff1fc63",
                  "type": "TopN",
                  "filter": {
                    "Version": 2,
                    "From": [
                      {
                        "Name": "subquery",
                        "Expression": {
                          "Subquery": {
                            "Query": {
                              "Version": 2,
                              "From": [
                                {
                                  "Name": "s",
                                  "Entity": "skills",
                                  "Type": 0
                                },
                                {
                                  "Name": "m",
                                  "Entity": "my_measures",
                                  "Type": 0
                                }
                              ],
                              "Select": [
                                {
                                  "Column": {
                                    "Expression": {
                                      "SourceRef": {
                                        "Source": "s"
                                      }
                                    },
                                    "Property": "skill"
                                  },
                                  "Name": "field"
                                }
                              ],
                              "OrderBy": [
                                {
                                  "Direction": 2,
                                  "Expression": {
                                    "Measure": {
                                      "Expression": {
                                        "SourceRef": {
                                          "Source": "m"
                                        }
                                      },
                                      "Property": "count_vacancy"
                                    }
                                  }
                                }
                              ],
                              "Top": 5
                            }
                          }
                        },
                        "Type": 2
                      },
                      {
                        "Name": "s",
                        "Entity": "skills",
                        "Type": 0
                      }
                    ],
                    "Where": [
                      {
                        "Condition": {
                          "In": {
                            "Expressions": [
                              {
                                "Column": {
                                  "Expression": {
                                    "SourceRef": {
                                      "Source": "s"
                                    }
                                  },
                                  "Property": "skill"
                                }
                              }
                            ],
                            "Table": {
                              "SourceRef": {
                                "Source": "subquery"
                              }
                            }
                          }
                        }
                      }
                    ]
                  },
                  "expression": {
                    "Column": {
                      "Expression": {
                        "SourceRef": {
                          "Entity": "skills"
                        }
                      },
                      "Property": "skill"
                    }
                  },
                  "howCreated": 0
                },
                {
                  "name": "9acf0023c9ad838cf2c5",
                  "type": "Categorical",
                  "filter": {
                    "Version": 2,
                    "From": [
                      {
                        "Name": "s",
                        "Entity": "skills",
                        "Type": 0
                      }
                    ],
                    "Where": [
                      {
                        "Condition": {
                          "Not": {
                            "Expression": {
                              "In": {
                                "Expressions": [
                                  {
                                    "Column": {
                                      "Expression": {
                                        "SourceRef": {
                                          "Source": "s"
                                        }
                                      },
                                      "Property": "skill"
                                    }
                                  }
                                ],
                                "Values": [
                                  [
                                    {
                                      "Literal": {
                                        "Value": "null"
                                      }
                                    }
                                  ]
                                ]
                              }
                            }
                          }
                        }
                      }
                    ]
                  },
                  "expression": {
                    "Column": {
                      "Expression": {
                        "SourceRef": {
                          "Entity": "skills"
                        }
                      },
                      "Property": "skill"
                    }
                  },
                  "howCreated": 1
                },
                {
                  "name": "cc7ac42605ec16e9a786",
                  "type": "Advanced",
                  "expression": {
                    "Measure": {
                      "Expression": {
                        "SourceRef": {
                          "Entity": "my_measures"
                        }
                      },
                      "Property": "count_vacancy"
                    }
                  },
                  "howCreated": 0
                }
              ]
            },
            "singleVisual": {
              "visualType": "pieChart",
              "objects": {},
              "orderBy": [
                {
                  "Direction": 2,
                  "Expression": {
                    "Measure": {
                      "Expression": {
                        "SourceRef": {
                          "Entity": "my_measures"
                        }
                      },
                      "Property": "count_vacancy"
                    }
                  }
                }
              ],
              "activeProjections": {
                "Category": [
                  {
                    "Column": {
                      "Expression": {
                        "SourceRef": {
                          "Entity": "skills"
                        }
                      },
                      "Property": "skill"
                    }
                  }
                ]
              }
            }
          },
          "411ab0647c41ba48eb2b": {
            "singleVisual": {
              "visualType": "textbox",
              "objects": {}
            }
          },
          "f62a7b11a26c8e8fa2b5": {
            "filters": {
              "byExpr": [
                {
                  "name": "3a4f9dafa91729eea5de",
                  "type": "Advanced",
                  "expression": {
                    "Measure": {
                      "Expression": {
                        "SourceRef": {
                          "Entity": "my_measures"
                        }
                      },
                      "Property": "count_vacancy"
                    }
                  },
                  "howCreated": 0
                },
                {
                  "name": "b4a54710060144c368bc",
                  "type": "TopN",
                  "filter": {
                    "Version": 2,
                    "From": [
                      {
                        "Name": "subquery",
                        "Expression": {
                          "Subquery": {
                            "Query": {
                              "Version": 2,
                              "From": [
                                {
                                  "Name": "c",
                                  "Entity": "companies",
                                  "Type": 0
                                },
                                {
                                  "Name": "m",
                                  "Entity": "my_measures",
                                  "Type": 0
                                }
                              ],
                              "Select": [
                                {
                                  "Column": {
                                    "Expression": {
                                      "SourceRef": {
                                        "Source": "c"
                                      }
                                    },
                                    "Property": "name"
                                  },
                                  "Name": "field"
                                }
                              ],
                              "OrderBy": [
                                {
                                  "Direction": 2,
                                  "Expression": {
                                    "Measure": {
                                      "Expression": {
                                        "SourceRef": {
                                          "Source": "m"
                                        }
                                      },
                                      "Property": "count_vacancy"
                                    }
                                  }
                                }
                              ],
                              "Top": 4
                            }
                          }
                        },
                        "Type": 2
                      },
                      {
                        "Name": "c",
                        "Entity": "companies",
                        "Type": 0
                      }
                    ],
                    "Where": [
                      {
                        "Condition": {
                          "In": {
                            "Expressions": [
                              {
                                "Column": {
                                  "Expression": {
                                    "SourceRef": {
                                      "Source": "c"
                                    }
                                  },
                                  "Property": "name"
                                }
                              }
                            ],
                            "Table": {
                              "SourceRef": {
                                "Source": "subquery"
                              }
                            }
                          }
                        }
                      }
                    ]
                  },
                  "expression": {
                    "Column": {
                      "Expression": {
                        "SourceRef": {
                          "Entity": "companies"
                        }
                      },
                      "Property": "name"
                    }
                  },
                  "howCreated": 0
                },
                {
                  "name": "8aef3725dfaf0aefd841",
                  "type": "Categorical",
                  "filter": {
                    "Version": 2,
                    "From": [
                      {
                        "Name": "s",
                        "Entity": "skills",
                        "Type": 0
                      }
                    ],
                    "Where": [
                      {
                        "Condition": {
                          "In": {
                            "Expressions": [
                              {
                                "Column": {
                                  "Expression": {
                                    "SourceRef": {
                                      "Source": "s"
                                    }
                                  },
                                  "Property": "skill"
                                }
                              }
                            ],
                            "Values": [
                              [
                                {
                                  "Literal": {
                                    "Value": "'Python'"
                                  }
                                }
                              ],
                              [
                                {
                                  "Literal": {
                                    "Value": "'SQL'"
                                  }
                                }
                              ],
                              [
                                {
                                  "Literal": {
                                    "Value": "'Azure'"
                                  }
                                }
                              ],
                              [
                                {
                                  "Literal": {
                                    "Value": "'AWS'"
                                  }
                                }
                              ],
                              [
                                {
                                  "Literal": {
                                    "Value": "'Excel'"
                                  }
                                }
                              ]
                            ]
                          }
                        }
                      }
                    ]
                  },
                  "expression": {
                    "Column": {
                      "Expression": {
                        "SourceRef": {
                          "Entity": "skills"
                        }
                      },
                      "Property": "skill"
                    }
                  },
                  "howCreated": 0
                },
                {
                  "name": "d1f7ec4073b6e8ab8010",
                  "type": "Advanced",
                  "expression": {
                    "Measure": {
                      "Expression": {
                        "SourceRef": {
                          "Entity": "my_measures"
                        }
                      },
                      "Property": "count_vacancy"
                    }
                  },
                  "howCreated": 1
                }
              ]
            },
            "singleVisual": {
              "visualType": "clusteredColumnChart",
              "objects": {},
              "activeProjections": {
                "Category": [
                  {
                    "Column": {
                      "Expression": {
                        "SourceRef": {
                          "Entity": "skills"
                        }
                      },
                      "Property": "skill"
                    }
                  }
                ]
              }
            }
          },
          "62e632e7b4d861bea392": {
            "singleVisual": {
              "visualType": "actionButton",
              "objects": {}
            }
          }
        }
      }
    },
    "objects": {
      "merge": {
        "outspacePane": [
          {
            "properties": {
              "expanded": {
                "expr": {
                  "Literal": {
                    "Value": "true"
                  }
                }
              }
            }
          }
        ]
      }
    }
  }
}