{
  "$schema": "https://developer.microsoft.com/json-schemas/fabric/item/report/definition/bookmark/1.4.0/schema.json",
  "displayName": "Baltic countries",
  "name": "5c974af83de473b13e1a",
  "options": {
    "targetVisualNames": [
      "a1ce9b6421d45d4f4f27"
    ]
  },
  "explorationState": {
    "version": "1.3",
    "activeSection": "4434b0734a0fadba60b1",
    "sections": {
      "4434b0734a0fadba60b1": {
        "visualContainers": {
          "04b99cba847f6bd9a43c": {
            "filters": {
              "byExpr": [
                {
                  "name": "5257c410cb393549060d",
                  "type": "Categorical",
                  "expression": {
                    "Column": {
                      "Expression": {
                        "SourceRef": {
                          "Entity": "location"
                        }
                      },
                      "Property": "job_country"
                    }
                  },
                  "howCreated": 0
                },
                {
                  "name": "eda724270a980208d0b9",
                  "type": "Advanced",
                  "expression": {
                    "Aggregation": {
                      "Expression": {
                        "Column": {
                          "Expression": {
                            "SourceRef": {
                              "Entity": "job_postings_fact_table"
                            }
                          },
                          "Property": "vacancy_id"
                        }
                      },
                      "Function": 5
                    }
                  },
                  "howCreated": 0
                }
              ]
            },
            "singleVisual": {
              "visualType": "map",
              "objects": {},
              "activeProjections": {
                "Category": [
                  {
                    "Column": {
                      "Expression": {
                        "SourceRef": {
                          "Entity": "location"
                        }
                      },
                      "Property": "job_country"
                    }
                  }
                ]
              }
            }
          },
          "3091eb88aa7098393a7c": {
            "filters": {
              "byExpr": [
                {
                  "name": "3035b784b89e10821515",
                  "type": "Advanced",
                  "expression": {
                    "Aggregation": {
                      "Expression": {
                        "Column": {
                          "Expression": {
                            "SourceRef": {
                              "Entity": "job_postings_fact_table"
                            }
                          },
                          "Property": "vacancy_id"
                        }
                      },
                      "Function": 5
                    }
                  },
                  "howCreated": 0
                }
              ]
            },
            "singleVisual": {
              "visualType": "card",
              "objects": {},
              "orderBy": [
                {
                  "Direction": 2,
                  "Expression": {
                    "Aggregation": {
                      "Expression": {
                        "Column": {
                          "Expression": {
                            "SourceRef": {
                              "Entity": "job_postings_fact_table"
                            }
                          },
                          "Property": "vacancy_id"
                        }
                      },
                      "Function": 5
                    }
                  }
                }
              ]
            }
          },
          "d94599267e144490af20": {
            "filters": {
              "byExpr": [
                {
                  "name": "1496ef8083034987003d",
                  "type": "Advanced",
                  "expression": {
                    "Aggregation": {
                      "Expression": {
                        "Column": {
                          "Expression": {
                            "SourceRef": {
                              "Entity": "companies"
                            }
                          },
                          "Property": "id_company"
                        }
                      },
                      "Function": 5
                    }
                  },
                  "howCreated": 0
                }
              ]
            },
            "singleVisual": {
              "visualType": "card",
              "objects": {},
              "orderBy": [
                {
                  "Direction": 2,
                  "Expression": {
                    "Aggregation": {
                      "Expression": {
                        "Column": {
                          "Expression": {
                            "SourceRef": {
                              "Entity": "companies"
                            }
                          },
                          "Property": "id_company"
                        }
                      },
                      "Function": 5
                    }
                  }
                }
              ]
            }
          },
          "e5b942d14fbe1c8a8d83": {
            "filters": {
              "byExpr": [
                {
                  "name": "5e65c88754e147a60868",
                  "type": "Advanced",
                  "expression": {
                    "Aggregation": {
                      "Expression": {
                        "Column": {
                          "Expression": {
                            "SourceRef": {
                              "Entity": "location"
                            }
                          },
                          "Property": "job_country"
                        }
                      },
                      "Function": 2
                    }
                  },
                  "howCreated": 0
                }
              ]
            },
            "singleVisual": {
              "visualType": "card",
              "objects": {},
              "orderBy": [
                {
                  "Direction": 2,
                  "Expression": {
                    "Aggregation": {
                      "Expression": {
                        "Column": {
                          "Expression": {
                            "SourceRef": {
                              "Entity": "location"
                            }
                          },
                          "Property": "job_country"
                        }
                      },
                      "Function": 2
                    }
                  }
                }
              ]
            }
          },
          "a1ce9b6421d45d4f4f27": {
            "filters": {
              "byExpr": [
                {
                  "name": "d65693b0834be1dba51b",
                  "type": "TopN",
                  "filter": {
                    "Version": 2,
                    "From": [
                      {
                        "Name": "subquery",
                        "Expression": {
                          "Subquery": {
                            "Query": {
                              "Version": 2,
                              "From": [
                                {
                                  "Name": "j",
                                  "Entity": "job_postings_fact_table",
                                  "Type": 0
                                }
                              ],
                              "Select": [
                                {
                                  "Column": {
                                    "Expression": {
                                      "SourceRef": {
                                        "Source": "j"
                                      }
                                    },
                                    "Property": "job_via"
                                  },
                                  "Name": "field"
                                }
                              ],
                              "OrderBy": [
                                {
                                  "Direction": 2,
                                  "Expression": {
                                    "Aggregation": {
                                      "Expression": {
                                        "Column": {
                                          "Expression": {
                                            "SourceRef": {
                                              "Source": "j"
                                            }
                                          },
                                          "Property": "vacancy_id"
                                        }
                                      },
                                      "Function": 5
                                    }
                                  }
                                }
                              ],
                              "Top": 5
                            }
                          }
                        },
                        "Type": 2
                      },
                      {
                        "Name": "j",
                        "Entity": "job_postings_fact_table",
                        "Type": 0
                      }
                    ],
                    "Where": [
                      {
                        "Condition": {
                          "In": {
                            "Expressions": [
                              {
                                "Column": {
                                  "Expression": {
                                    "SourceRef": {
                                      "Source": "j"
                                    }
                                  },
                                  "Property": "job_via"
                                }
                              }
                            ],
                            "Table": {
                              "SourceRef": {
                                "Source": "subquery"
                              }
                            }
                          }
                        }
                      }
                    ]
                  },
                  "expression": {
                    "Column": {
                      "Expression": {
                        "SourceRef": {
                          "Entity": "job_postings_fact_table"
                        }
                      },
                      "Property": "job_via"
                    }
                  },
                  "howCreated": 0
                },
                {
                  "name": "b87d54b141957e057318",
                  "type": "Advanced",
                  "expression": {
                    "Aggregation": {
                      "Expression": {
                        "Column": {
                          "Expression": {
                            "SourceRef": {
                              "Entity": "job_postings_fact_table"
                            }
                          },
                          "Property": "vacancy_id"
                        }
                      },
                      "Function": 5
                    }
                  },
                  "howCreated": 0
                }
              ]
            },
            "singleVisual": {
              "visualType": "barChart",
              "objects": {},
              "orderBy": [
                {
                  "Direction": 2,
                  "Expression": {
                    "Aggregation": {
                      "Expression": {
                        "Column": {
                          "Expression": {
                            "SourceRef": {
                              "Entity": "job_postings_fact_table"
                            }
                          },
                          "Property": "vacancy_id"
                        }
                      },
                      "Function": 5
                    }
                  }
                }
              ],
              "activeProjections": {
                "Category": [
                  {
                    "Column": {
                      "Expression": {
                        "SourceRef": {
                          "Entity": "job_postings_fact_table"
                        }
                      },
                      "Property": "job_via"
                    }
                  }
                ]
              }
            }
          },
          "465a2822a9f2220b653c": {
            "filters": {
              "byExpr": [
                {
                  "name": "267758344c894200524a",
                  "type": "Categorical",
                  "expression": {
                    "Column": {
                      "Expression": {
                        "SourceRef": {
                          "Entity": "job_titles"
                        }
                      },
                      "Property": "job_title_short"
                    }
                  },
                  "howCreated": 0
                }
              ]
            },
            "singleVisual": {
              "visualType": "slicer",
              "objects": {
                "merge": {
                  "data": [
                    {
                      "properties": {
                        "mode": {
                          "expr": {
                            "Literal": {
                              "Value": "'Dropdown'"
                            }
                          }
                        }
                      }
                    }
                  ],
                  "selection": [
                    {
                      "properties": {
                        "strictSingleSelect": {
                          "expr": {
                            "Literal": {
                              "Value": "false"
                            }
                          }
                        }
                      }
                    }
                  ]
                }
              },
              "activeProjections": {
                "Values": [
                  {
                    "Column": {
                      "Expression": {
                        "SourceRef": {
                          "Entity": "job_titles"
                        }
                      },
                      "Property": "job_title_short"
                    }
                  }
                ]
              }
            }
          },
          "b5393268b50a1a1d5a9c": {
            "filters": {
              "byExpr": [
                {
                  "name": "152743e55babb61ae78a",
                  "type": "Categorical",
                  "expression": {
                    "Column": {
                      "Expression": {
                        "SourceRef": {
                          "Entity": "location"
                        }
                      },
                      "Property": "job_country"
                    }
                  },
                  "howCreated": 0
                }
              ]
            },
            "singleVisual": {
              "visualType": "slicer",
              "objects": {
                "merge": {
                  "general": [
                    {
                      "properties": {
                        "filter": {
                          "filter": {
                            "Version": 2,
                            "From": [
                              {
                                "Name": "l",
                                "Entity": "location",
                                "Type": 0
                              }
                            ],
                            "Where": [
                              {
                                "Condition": {
                                  "Not": {
                                    "Expression": {
                                      "In": {
                                        "Expressions": [
                                          {
                                            "Column": {
                                              "Expression": {
                                                "SourceRef": {
                                                  "Source": "l"
                                                }
                                              },
                                              "Property": "job_country"
                                            }
                                          }
                                        ],
                                        "Values": [
                                          [
                                            {
                                              "Literal": {
                                                "Value": "'Austria'"
                                              }
                                            }
                                          ],
                                          [
                                            {
                                              "Literal": {
                                                "Value": "'Belgium'"
                                              }
                                            }
                                          ],
                                          [
                                            {
                                              "Literal": {
                                                "Value": "'Czechia'"
                                              }
                                            }
                                          ],
                                          [
                                            {
                                              "Literal": {
                                                "Value": "'Denmark'"
                                              }
                                            }
                                          ],
                                          [
                                            {
                                              "Literal": {
                                                "Value": "'Finland'"
                                              }
                                            }
                                          ],
                                          [
                                            {
                                              "Literal": {
                                                "Value": "'France'"
                                              }
                                            }
                                          ],
                                          [
                                            {
                                              "Literal": {
                                                "Value": "'Germany'"
                                              }
                                            }
                                          ],
                                          [
                                            {
                                              "Literal": {
                                                "Value": "'Hungary'"
                                              }
                                            }
                                          ],
                                          [
                                            {
                                              "Literal": {
                                                "Value": "'Italy'"
                                              }
                                            }
                                          ],
                                          [
                                            {
                                              "Literal": {
                                                "Value": "'Luxembourg'"
                                              }
                                            }
                                          ],
                                          [
                                            {
                                              "Literal": {
                                                "Value": "'Netherlands'"
                                              }
                                            }
                                          ],
                                          [
                                            {
                                              "Literal": {
                                                "Value": "'Norway'"
                                              }
                                            }
                                          ],
                                          [
                                            {
                                              "Literal": {
                                                "Value": "'Portugal'"
                                              }
                                            }
                                          ],
                                          [
                                            {
                                              "Literal": {
                                                "Value": "'Slovakia'"
                                              }
                                            }
                                          ],
                                          [
                                            {
                                              "Literal": {
                                                "Value": "'Slovenia'"
                                              }
                                            }
                                          ],
                                          [
                                            {
                                              "Literal": {
                                                "Value": "'Spain'"
                                              }
                                            }
                                          ],
                                          [
                                            {
                                              "Literal": {
                                                "Value": "'Sweden'"
                                              }
                                            }
                                          ],
                                          [
                                            {
                                              "Literal": {
                                                "Value": "'Switzerland'"
                                              }
                                            }
                                          ],
                                          [
                                            {
                                              "Literal": {
                                                "Value": "'United Kingdom'"
                                              }
                                            }
                                          ],
                                          [
                                            {
                                              "Literal": {
                                                "Value": "'Poland'"
                                              }
                                            }
                                          ]
                                        ]
                                      }
                                    }
                                  }
                                }
                              }
                            ]
                          }
                        }
                      }
                    }
                  ],
                  "data": [
                    {
                      "properties": {
                        "mode": {
                          "expr": {
                            "Literal": {
                              "Value": "'Dropdown'"
                            }
                          }
                        },
                        "isInvertedSelectionMode": {
                          "expr": {
                            "Literal": {
                              "Value": "true"
                            }
                          }
                        }
                      }
                    }
                  ],
                  "selection": [
                    {
                      "properties": {
                        "strictSingleSelect": {
                          "expr": {
                            "Literal": {
                              "Value": "false"
                            }
                          }
                        }
                      }
                    }
                  ]
                }
              },
              "activeProjections": {
                "Values": [
                  {
                    "Column": {
                      "Expression": {
                        "SourceRef": {
                          "Entity": "location"
                        }
                      },
                      "Property": "job_country"
                    }
                  }
                ]
              }
            }
          },
          "6a1f4e789b2b647da18a": {
            "singleVisual": {
              "visualType": "pageNavigator",
              "objects": {}
            }
          }
        }
      }
    },
    "objects": {
      "merge": {
        "outspacePane": [
          {
            "properties": {
              "expanded": {
                "expr": {
                  "Literal": {
                    "Value": "false"
                  }
                }
              }
            }
          }
        ]
      }
    }
  }
}