{
  "$schema": "https://developer.microsoft.com/json-schemas/fabric/item/report/definition/bookmark/1.4.0/schema.json",
  "displayName": "Clear filters Overview",
  "name": "d7e13057a4b34c92e0b7",
  "options": {
    "targetVisualNames": []
  },
  "explorationState": {
    "version": "1.3",
    "activeSection": "4434b0734a0fadba60b1",
    "sections": {
      "4434b0734a0fadba60b1": {
        "visualContainers": {
          "04b99cba847f6bd9a43c": {
            "filters": {
              "byExpr": [
                {
                  "name": "015ace9c682877b212b2",
                  "type": "Categorical",
                  "expression": {
                    "Column": {
                      "Expression": {
                        "SourceRef": {
                          "Entity": "location"
                        }
                      },
                      "Property": "job_country"
                    }
                  },
                  "howCreated": 0
                },
                {
                  "name": "ea0cdbab57077bda7848",
                  "type": "Advanced",
                  "expression": {
                    "Aggregation": {
                      "Expression": {
                        "Column": {
                          "Expression": {
                            "SourceRef": {
                              "Entity": "job_postings_fact_table"
                            }
                          },
                          "Property": "vacancy_id"
                        }
                      },
                      "Function": 5
                    }
                  },
                  "howCreated": 0
                }
              ]
            },
            "singleVisual": {
              "visualType": "map",
              "objects": {},
              "activeProjections": {
                "Category": [
                  {
                    "Column": {
                      "Expression": {
                        "SourceRef": {
                          "Entity": "location"
                        }
                      },
                      "Property": "job_country"
                    }
                  }
                ]
              }
            }
          },
          "3091eb88aa7098393a7c": {
            "filters": {
              "byExpr": [
                {
                  "name": "b4387ee526aadb3e0c68",
                  "type": "Advanced",
                  "expression": {
                    "Measure": {
                      "Expression": {
                        "SourceRef": {
                          "Entity": "my_measures"
                        }
                      },
                      "Property": "count_vacancy"
                    }
                  },
                  "howCreated": 0
                }
              ]
            },
            "singleVisual": {
              "visualType": "card",
              "objects": {},
              "orderBy": [
                {
                  "Direction": 2,
                  "Expression": {
                    "Aggregation": {
                      "Expression": {
                        "Column": {
                          "Expression": {
                            "SourceRef": {
                              "Entity": "job_postings_fact_table"
                            }
                          },
                          "Property": "vacancy_id"
                        }
                      },
                      "Function": 5
                    }
                  }
                }
              ]
            }
          },
          "d94599267e144490af20": {
            "filters": {
              "byExpr": [
                {
                  "name": "6317b73d6b8e34756dce",
                  "type": "Advanced",
                  "expression": {
                    "Aggregation": {
                      "Expression": {
                        "Column": {
                          "Expression": {
                            "SourceRef": {
                              "Entity": "job_postings_fact_table"
                            }
                          },
                          "Property": "salary_year_avg"
                        }
                      },
                      "Function": 1
                    }
                  },
                  "howCreated": 0
                }
              ]
            },
            "singleVisual": {
              "visualType": "card",
              "objects": {},
              "orderBy": [
                {
                  "Direction": 2,
                  "Expression": {
                    "Aggregation": {
                      "Expression": {
                        "Column": {
                          "Expression": {
                            "SourceRef": {
                              "Entity": "companies"
                            }
                          },
                          "Property": "id_company"
                        }
                      },
                      "Function": 5
                    }
                  }
                }
              ]
            }
          },
          "e5b942d14fbe1c8a8d83": {
            "filters": {
              "byExpr": [
                {
                  "name": "c4fcce30c0406d7e3c9e",
                  "type": "Advanced",
                  "expression": {
                    "Aggregation": {
                      "Expression": {
                        "Column": {
                          "Expression": {
                            "SourceRef": {
                              "Entity": "location"
                            }
                          },
                          "Property": "job_country"
                        }
                      },
                      "Function": 2
                    }
                  },
                  "howCreated": 0
                }
              ]
            },
            "singleVisual": {
              "visualType": "card",
              "objects": {},
              "orderBy": [
                {
                  "Direction": 2,
                  "Expression": {
                    "Aggregation": {
                      "Expression": {
                        "Column": {
                          "Expression": {
                            "SourceRef": {
                              "Entity": "location"
                            }
                          },
                          "Property": "job_country"
                        }
                      },
                      "Function": 2
                    }
                  }
                }
              ]
            }
          },
          "a1ce9b6421d45d4f4f27": {
            "filters": {
              "byExpr": [
                {
                  "name": "9f8b9250e31d5db0a20e",
                  "type": "TopN",
                  "filter": {
                    "Version": 2,
                    "From": [
                      {
                        "Name": "subquery",
                        "Expression": {
                          "Subquery": {
                            "Query": {
                              "Version": 2,
                              "From": [
                                {
                                  "Name": "j",
                                  "Entity": "job_postings_fact_table",
                                  "Type": 0
                                }
                              ],
                              "Select": [
                                {
                                  "Column": {
                                    "Expression": {
                                      "SourceRef": {
                                        "Source": "j"
                                      }
                                    },
                                    "Property": "job_via"
                                  },
                                  "Name": "field"
                                }
                              ],
                              "OrderBy": [
                                {
                                  "Direction": 2,
                                  "Expression": {
                                    "Aggregation": {
                                      "Expression": {
                                        "Column": {
                                          "Expression": {
                                            "SourceRef": {
                                              "Source": "j"
                                            }
                                          },
                                          "Property": "vacancy_id"
                                        }
                                      },
                                      "Function": 5
                                    }
                                  }
                                }
                              ],
                              "Top": 5
                            }
                          }
                        },
                        "Type": 2
                      },
                      {
                        "Name": "j",
                        "Entity": "job_postings_fact_table",
                        "Type": 0
                      }
                    ],
                    "Where": [
                      {
                        "Condition": {
                          "In": {
                            "Expressions": [
                              {
                                "Column": {
                                  "Expression": {
                                    "SourceRef": {
                                      "Source": "j"
                                    }
                                  },
                                  "Property": "job_via"
                                }
                              }
                            ],
                            "Table": {
                              "SourceRef": {
                                "Source": "subquery"
                              }
                            }
                          }
                        }
                      }
                    ]
                  },
                  "expression": {
                    "Column": {
                      "Expression": {
                        "SourceRef": {
                          "Entity": "job_postings_fact_table"
                        }
                      },
                      "Property": "job_via"
                    }
                  },
                  "howCreated": 0
                },
                {
                  "name": "e8954849060a3684208c",
                  "type": "Advanced",
                  "expression": {
                    "Aggregation": {
                      "Expression": {
                        "Column": {
                          "Expression": {
                            "SourceRef": {
                              "Entity": "job_postings_fact_table"
                            }
                          },
                          "Property": "vacancy_id"
                        }
                      },
                      "Function": 5
                    }
                  },
                  "howCreated": 0
                }
              ]
            },
            "singleVisual": {
              "visualType": "barChart",
              "objects": {},
              "orderBy": [
                {
                  "Direction": 2,
                  "Expression": {
                    "Aggregation": {
                      "Expression": {
                        "Column": {
                          "Expression": {
                            "SourceRef": {
                              "Entity": "job_postings_fact_table"
                            }
                          },
                          "Property": "vacancy_id"
                        }
                      },
                      "Function": 5
                    }
                  }
                }
              ],
              "activeProjections": {
                "Category": [
                  {
                    "Column": {
                      "Expression": {
                        "SourceRef": {
                          "Entity": "job_postings_fact_table"
                        }
                      },
                      "Property": "job_via"
                    }
                  }
                ]
              }
            }
          },
          "465a2822a9f2220b653c": {
            "filters": {
              "byExpr": [
                {
                  "name": "59ead1d19455664ed026",
                  "type": "Categorical",
                  "expression": {
                    "Column": {
                      "Expression": {
                        "SourceRef": {
                          "Entity": "job_titles"
                        }
                      },
                      "Property": "job_title_short"
                    }
                  },
                  "howCreated": 0
                }
              ]
            },
            "singleVisual": {
              "visualType": "slicer",
              "objects": {
                "merge": {
                  "data": [
                    {
                      "properties": {
                        "mode": {
                          "expr": {
                            "Literal": {
                              "Value": "'Dropdown'"
                            }
                          }
                        }
                      }
                    }
                  ],
                  "selection": [
                    {
                      "properties": {
                        "strictSingleSelect": {
                          "expr": {
                            "Literal": {
                              "Value": "false"
                            }
                          }
                        }
                      }
                    }
                  ]
                }
              },
              "activeProjections": {
                "Values": [
                  {
                    "Column": {
                      "Expression": {
                        "SourceRef": {
                          "Entity": "job_titles"
                        }
                      },
                      "Property": "job_title_short"
                    }
                  }
                ]
              }
            }
          },
          "b5393268b50a1a1d5a9c": {
            "filters": {
              "byExpr": [
                {
                  "name": "b1ff6eb9ac8455b5d5d6",
                  "type": "Categorical",
                  "expression": {
                    "Column": {
                      "Expression": {
                        "SourceRef": {
                          "Entity": "location"
                        }
                      },
                      "Property": "job_country"
                    }
                  },
                  "howCreated": 0
                }
              ]
            },
            "singleVisual": {
              "visualType": "slicer",
              "objects": {
                "merge": {
                  "data": [
                    {
                      "properties": {
                        "mode": {
                          "expr": {
                            "Literal": {
                              "Value": "'Dropdown'"
                            }
                          }
                        }
                      }
                    }
                  ],
                  "selection": [
                    {
                      "properties": {
                        "strictSingleSelect": {
                          "expr": {
                            "Literal": {
                              "Value": "false"
                            }
                          }
                        }
                      }
                    }
                  ]
                }
              },
              "activeProjections": {
                "Values": [
                  {
                    "Column": {
                      "Expression": {
                        "SourceRef": {
                          "Entity": "location"
                        }
                      },
                      "Property": "job_country"
                    }
                  }
                ]
              }
            }
          },
          "6a1f4e789b2b647da18a": {
            "singleVisual": {
              "visualType": "pageNavigator",
              "objects": {}
            }
          },
          "c98fed1a5389deffcdee": {
            "singleVisual": {
              "visualType": "shape",
              "objects": {}
            }
          },
          "dae6e4938ffa82588335": {
            "singleVisual": {
              "visualType": "textbox",
              "objects": {}
            }
          }
        }
      }
    },
    "objects": {
      "merge": {
        "outspacePane": [
          {
            "properties": {
              "expanded": {
                "expr": {
                  "Literal": {
                    "Value": "false"
                  }
                }
              }
            }
          }
        ]
      }
    }
  }
}