{
  "$schema": "https://developer.microsoft.com/json-schemas/fabric/item/report/definition/visualContainer/2.4.0/schema.json",
  "name": "9ebe8087a56131921271",
  "position": {
    "x": 0,
    "y": 160,
    "z": 3000,
    "height": 560,
    "width": 1268.3333333333335,
    "tabOrder": 3000
  },
  "visual": {
    "visualType": "textbox",
    "objects": {
      "general": [
        {
          "properties": {
            "paragraphs": [
              {
                "textRuns": [
                  {
                    "value": ""
                  }
                ]
              },
              {
                "textRuns": [
                  {
                    "value": "- ",
                    "textStyle": {
                      "fontSize": "24pt"
                    }
                  },
                  {
                    "value": "SQL and Python",
                    "textStyle": {
                      "fontWeight": "bold",
                      "fontSize": "24pt"
                    }
                  },
                  {
                    "value": " are the most requested skills across Europe and in Lithuania",
                    "textStyle": {
                      "fontSize": "24pt"
                    }
                  }
                ]
              },
              {
                "textRuns": [
                  {
                    "value": "- ",
                    "textStyle": {
                      "fontSize": "24pt"
                    }
                  },
                  {
                    "value": "Data Engineer, Data Analyst, and Data Scientist",
                    "textStyle": {
                      "fontStyle": "italic",
                      "fontSize": "24pt"
                    }
                  },
                  {
                    "value": " roles are most prevalent",
                    "textStyle": {
                      "fontSize": "24pt"
                    }
                  }
                ]
              },
              {
                "textRuns": [
                  {
                    "value": "- ",
                    "textStyle": {
                      "fontSize": "24pt"
                    }
                  },
                  {
                    "value": "LinkedIn",
                    "textStyle": {
                      "fontWeight": "bold",
                      "fontSize": "24pt"
                    }
                  },
                  {
                    "value": " dominates hiring ",
                    "textStyle": {
                      "fontSize": "24pt"
                    }
                  }
                ]
              },
              {
                "textRuns": [
                  {
                    "value": "- ",
                    "textStyle": {
                      "fontSize": "24pt"
                    }
                  },
                  {
                    "value": "Remote work",
                    "textStyle": {
                      "fontStyle": "italic",
                      "fontSize": "24pt"
                    }
                  },
                  {
                    "value": " remains under 10% of all vacancies",
                    "textStyle": {
                      "fontSize": "24pt"
                    }
                  }
                ]
              },
              {
                "textRuns": [
                  {
                    "value": "- ",
                    "textStyle": {
                      "fontSize": "24pt"
                    }
                  },
                  {
                    "value": "Full-time roles",
                    "textStyle": {
                      "fontStyle": "italic",
                      "fontSize": "24pt"
                    }
                  },
                  {
                    "value": " dominate the market",
                    "textStyle": {
                      "fontSize": "24pt"
                    }
                  }
                ]
              },
              {
                "textRuns": [
                  {
                    "value": "- ",
                    "textStyle": {
                      "fontSize": "24pt"
                    }
                  },
                  {
                    "value": "Germany, the United Kingdom, and Poland",
                    "textStyle": {
                      "fontStyle": "italic",
                      "fontSize": "24pt"
                    }
                  },
                  {
                    "value": " have the highest job volume",
                    "textStyle": {
                      "fontSize": "24pt"
                    }
                  }
                ]
              },
              {
                "textRuns": [
                  {
                    "value": "- Lithuania leads the ",
                    "textStyle": {
                      "fontSize": "24pt"
                    }
                  },
                  {
                    "value": "Baltic region",
                    "textStyle": {
                      "fontWeight": "bold",
                      "fontSize": "24pt"
                    }
                  },
                  {
                    "value": "(",
                    "textStyle": {
                      "fontStyle": "italic",
                      "fontSize": "24pt"
                    }
                  },
                  {
                    "value": "Estonia, Latvia, and Lithuania",
                    "textStyle": {
                      "fontSize": "24pt",
                      "color": "#001d35"
                    }
                  },
                  {
                    "value": ")",
                    "textStyle": {
                      "fontStyle": "italic",
                      "fontSize": "24pt"
                    }
                  },
                  {
                    "value": ", holding ",
                    "textStyle": {
                      "fontSize": "24pt"
                    }
                  },
                  {
                    "value": "61.4%",
                    "textStyle": {
                      "fontWeight": "bold",
                      "fontSize": "24pt"
                    }
                  },
                  {
                    "value": " of its job postings",
                    "textStyle": {
                      "fontSize": "24pt"
                    }
                  }
                ]
              },
              {
                "textRuns": [
                  {
                    "value": "- Job postings remained stable from January to August 2024 before a significant year-end decline",
                    "textStyle": {
                      "fontSize": "24pt"
                    }
                  }
                ]
              },
              {
                "textRuns": [
                  {
                    "value": ""
                  }
                ]
              },
              {
                "textRuns": [
                  {
                    "value": "\t\t\t\t\t\t\t\t\t"
                  },
                  {
                    "value": "\t*Detailed salary analysis was not possible in my report ",
                    "textStyle": {
                      "fontSize": "16pt"
                    }
                  }
                ]
              },
              {
                "textRuns": [
                  {
                    "value": "\t\t\t\t\t\t\t\t\t\t\tdue to the lack of the required amount of data.",
                    "textStyle": {
                      "fontSize": "16pt"
                    }
                  }
                ]
              },
              {
                "textRuns": [
                  {
                    "value": ""
                  }
                ]
              }
            ]
          }
        }
      ]
    },
    "drillFilterOtherVisuals": true
  }
}