{
  "$schema": "https://developer.microsoft.com/json-schemas/fabric/item/report/definition/visualContainer/2.4.0/schema.json",
  "name": "b839e502bac68d665239",
  "position": {
    "x": 90,
    "y": 235,
    "z": 0,
    "height": 446.66666666666669,
    "width": 1151.6666666666667,
    "tabOrder": 0
  },
  "visual": {
    "visualType": "textbox",
    "objects": {
      "general": [
        {
          "properties": {
            "paragraphs": [
              {
                "textRuns": [
                  {
                    "value": "My objective: ",
                    "textStyle": {
                      "fontWeight": "bold",
                      "fontSize": "24pt",
                      "color": "#0f1115"
                    }
                  },
                  {
                    "value": "Analyze data job trends in 23 European countries using 2024 job posting data and understand what's happening in the job market ",
                    "textStyle": {
                      "fontSize": "24pt",
                      "color": "#0f1115"
                    }
                  }
                ]
              },
              {
                "textRuns": [
                  {
                    "value": ""
                  }
                ]
              },
              {
                "textRuns": [
                  {
                    "value": "Scope:",
                    "textStyle": {
                      "fontWeight": "bold",
                      "fontSize": "24pt",
                      "color": "#0f1115"
                    }
                  }
                ]
              },
              {
                "textRuns": [
                  {
                    "value": "- Market trends and salary analysis",
                    "textStyle": {
                      "fontStyle": "italic",
                      "fontSize": "24pt",
                      "color": "#0f1115"
                    }
                  }
                ]
              },
              {
                "textRuns": [
                  {
                    "value": "- Popular job titles and required skills",
                    "textStyle": {
                      "fontStyle": "italic",
                      "fontSize": "24pt",
                      "color": "#0f1115"
                    }
                  }
                ]
              },
              {
                "textRuns": [
                  {
                    "value": "- A global map of job locations ",
                    "textStyle": {
                      "fontStyle": "italic",
                      "fontSize": "24pt",
                      "color": "#0f1115"
                    }
                  }
                ]
              },
              {
                "textRuns": [
                  {
                    "value": "- Work-from-home statistics",
                    "textStyle": {
                      "fontStyle": "italic",
                      "fontSize": "24pt",
                      "color": "#0f1115"
                    }
                  }
                ]
              },
              {
                "textRuns": [
                  {
                    "value": "- Top hiring platforms",
                    "textStyle": {
                      "fontStyle": "italic",
                      "fontSize": "24pt",
                      "color": "#0f1115"
                    }
                  }
                ]
              },
              {
                "textRuns": [
                  {
                    "value": "- Detailed analysis focused on Lithuania ",
                    "textStyle": {
                      "fontStyle": "italic",
                      "fontSize": "24pt",
                      "color": "#0f1115"
                    }
                  }
                ]
              }
            ]
          }
        }
      ]
    },
    "drillFilterOtherVisuals": true
  }
}