{
  "version": "1.1.0",
  "diagrams": [
    {
      "ordinal": 0,
      "scrollPosition": {
        "x": 0,
        "y": 1.3333333532015483
      },
      "nodes": [
        {
          "location": {
            "x": 911.33333333333292,
            "y": 302.64584859212243
          },
          "nodeIndex": "job_titles",
          "nodeLineageTag": "9d1167ca-1bdd-43db-9a3c-00c1596b0766",
          "size": {
            "height": 253.66666666666674,
            "width": 234
          },
          "zIndex": 3
        },
        {
          "location": {
            "x": 164.33331298828125,
            "y": 430.47916666666663
          },
          "nodeIndex": "location",
          "nodeLineageTag": "10259af0-0e39-410e-bc10-ba6327dec69c",
          "size": {
            "height": 248.66666666666652,
            "width": 234
          },
          "zIndex": 4
        },
        {
          "location": {
            "x": 480.00000127156579,
            "y": 0
          },
          "nodeIndex": "job_postings_fact_table",
          "nodeLineageTag": "883371f1-7c15-4f4e-b532-20ecb93bc858",
          "size": {
            "height": 465,
            "width": 234
          },
          "zIndex": 5
        },
        {
          "location": {
            "x": 1165.6666666666663,
            "y": 3.3333333333333339
          },
          "nodeIndex": "skills",
          "nodeLineageTag": "b65c7e6e-092b-42f2-ac42-4d99231c7657",
          "size": {
            "height": 145,
            "width": 234
          },
          "zIndex": 1
        },
        {
          "location": {
            "x": 1209.6666666666665,
            "y": 201.52083333333334
          },
          "nodeIndex": "my_measures",
          "nodeLineageTag": "5d2d8fc9-ec3d-46bc-af2a-d06e7dff9bc4",
          "size": {
            "height": 412.33333333333337,
            "width": 234
          },
          "zIndex": 2
        },
        {
          "location": {
            "x": 647.99999872843421,
            "y": 470.40625
          },
          "nodeIndex": "calendar_table",
          "nodeLineageTag": "8e02fd20-ad5b-4486-b5be-bb098a005844",
          "size": {
            "height": 446.66666666666663,
            "width": 234
          },
          "zIndex": 6
        },
        {
          "location": {
            "x": 81.666666666666686,
            "y": 0
          },
          "nodeIndex": "companies",
          "nodeLineageTag": "3afbc2cf-5329-4f15-ab2c-296555ccde50",
          "size": {
            "height": 200,
            "width": 234
          },
          "zIndex": 7
        },
        {
          "location": {
            "x": 800.66664632161439,
            "y": 0
          },
          "nodeIndex": "skills_vacancy_bridge_table",
          "nodeLineageTag": "93faa46f-c6ff-4087-9b9b-55dea8d528e1",
          "size": {
            "height": 199.66666666666663,
            "width": 234
          },
          "zIndex": 0
        }
      ],
      "name": "All tables",
      "zoomValue": 60,
      "pinKeyFieldsToTop": false,
      "showExtraHeaderInfo": false,
      "hideKeyFieldsWhenCollapsed": false,
      "tablesLocked": false
    }
  ],
  "selectedDiagram": "All tables",
  "defaultDiagram": "All tables"
}